file,bytes,sha256
.gitignore,76,b93ed0b9263f7edf880f9366ec084b736468adcc9adee938657b656e11e8c441
CITATION.cff,290,74b6a1c91adc143db17a9a009dc37deca232681acad1d03fd5f390e297b73fae
environment\R_sessionInfo.txt,253,f0e4e3a9754474f110c420f098c1d67de4232d669f2f65679251a2bea7e64008
environment\requirements.txt,28,41653f1a2a7ab59fd5e003cbba02ddc8d9ae752d9639caefe66854c43c12ff80
LICENSE,1092,f8c4d8f93645c0112913990d05aa815afe97fe59cb174597c0e0c192fabe15f7
metadata\model_call_metadata.csv,703,ab16dbaa853dc14e01f7b71def1b56a56f102c2002f9ae9538685f8c00802f0c
model_runner\runner.py,40052,26ee3232415a27c11f8fda8d474fd9576cb5e17c0cc8e7ee25b314e555d8287c
model_runner\RUNNER_README.md,6576,e18d2d878435b12bc56bbf26bf0205868d5fc942ab681d24d06412813f5f3994
prompts\prompt_with_double_blind.docx,42347,b765ba3dd99cf709e679795d6b5f817d2726767a51a545628ec02128a3151236
prompts\prompt_without_double_blind.docx,41589,e8b932027e5202214b23233d397e8366e6449e569bf37fec2567fedb4d5409d8
R\00_config.R,499,662a01921af112b0e0078643f56d5ad514448d8b0b3ea57ab53e524d08e834fa
R\01_main_meta_analysis_and_missingness.R,9324,915e7461f11b9029df3780c7cef053f10d55398c6b1deee0fbda8f48753e56a4
R\02_equivalence_gate.R,2079,e3a1d8763f1b3b23cac44d262fdad38eba3c40ab6d581f3e6fb69f9eba665b2f
R\03_panel_consistency.R,1386,9e8dd18cf124707ca19442e9efca7bbc1672865fabaca9059ae5f97070961680
R\04_cluster_bootstrap_and_bayesian_interval.R,3203,576a4b6d8e67772683199ccd1392201e595804444d4b74c1c7634fd533666882
R\05_wild_bootstrap_MCMC_MI20.R,5396,8e8837384fb90622269db5a50cb5e077dd912cae2dfe7714e87f69b6c588e922
R\complete_mcmc_diagnostics.R,8126,b5f112d0fb33450376051eda768053657756a0fb57757fbdfc7b5ef771abe91b
R\complete_mcmc_diagnostics_auto.R,8068,8b2191a4bda6b9ac1e6edddd63edd86cc89ce8dcaa83907601eb7466cc030e65
R\mcmc_simplified_sensitivity.R,4039,fbce26f763cfbde42b99f1b7f92545a583b5a8777979a535693245791de7d414
R\mcmc_simplified_sensitivity_v2.R,3927,03db6abe8d95b1a10dbb4a2c1e0be6056ad37f7f2a3679fa0cce1052b0600feb
R\mcmc_simplified_weak_prior.R,2218,10a0cd0d3b63df86c7e801928ba9d98f8b98cc23e3b3f64abb4763ba49bfba3e
R\run_simple_weak_direct.R,2125,23cdb382c8ae062c2ef697b3309ec27e04018fcd49eb49505b7a6bcd3e127119
R\supplementary_multilevel_meta_analysis_and_missingness.R,10958,cd92b44e1a6e07e26c06d2bc0b9fd6b293ffe392f6dc8d0d563183cf78636712
README.md,1356,3637504f08059d623375ac4dd50f1023c828af04903205a994360301c2bd47e1
